idx,review,gold,raw_output,parsed_json,predicted,valid_json
0,Decent place. Portion sizes were small but taste was good.,3,"{""predicted_stars"": 3, ""explanation"":""Average experience with good taste but small portion sizes.""}","{""predicted_stars"": 3, ""explanation"": ""Average experience with good taste but small portion sizes.""}",3,True
1,Decent place. Portion sizes were small but taste was good.,3,"{""predicted_stars"": 3, ""explanation"":""Average experience with good taste but small portion sizes.""}","{""predicted_stars"": 3, ""explanation"": ""Average experience with good taste but small portion sizes.""}",3,True
2,Had a nice time; dessert was fantastic.,5,"{""predicted_stars"": 4, ""explanation"":""Positive experience with a fantastic dessert.""}","{""predicted_stars"": 4, ""explanation"": ""Positive experience with a fantastic dessert.""}",4,True
3,Order was wrong and they didn't fix it.,1,"{""predicted_stars"": 1, ""explanation"":""Order was incorrect and not resolved.""}","{""predicted_stars"": 1, ""explanation"": ""Order was incorrect and not resolved.""}",1,True
4,Order was wrong and they didn't fix it.,1,"{""predicted_stars"": 1, ""explanation"":""Order was incorrect and not resolved.""}","{""predicted_stars"": 1, ""explanation"": ""Order was incorrect and not resolved.""}",1,True
5,The food was amazing and service was excellent. Highly recommend.,5,"{""predicted_stars"": 5, ""explanation"":""Strong positive feedback about food and service with a recommendation.""}","{""predicted_stars"": 5, ""explanation"": ""Strong positive feedback about food and service with a recommendation.""}",5,True
6,The food was amazing and service was excellent. Highly recommend.,5,"{""predicted_stars"": 5, ""explanation"":""Strong positive feedback about food and service with a recommendation.""}","{""predicted_stars"": 5, ""explanation"": ""Strong positive feedback about food and service with a recommendation.""}",5,True
7,The food was amazing and service was excellent.,5,"{""predicted_stars"": 5, ""explanation"":""Strong positive about food and service.""}","{""predicted_stars"": 5, ""explanation"": ""Strong positive about food and service.""}",5,True
8,The food was amazing and service was excellent. Highly recommend.,5,"{""predicted_stars"": 5, ""explanation"":""Strong positive feedback about food and service with a recommendation.""}","{""predicted_stars"": 5, ""explanation"": ""Strong positive feedback about food and service with a recommendation.""}",5,True
9,Perfect for a quick lunch. Will return.,4,"{""predicted_stars"": 4, ""explanation"":""Positive sentiment about being a good option for lunch and intention to return.""}","{""predicted_stars"": 4, ""explanation"": ""Positive sentiment about being a good option for lunch and intention to return.""}",4,True
10,Great ambiance and prompt service. Highly recommend.,5,"{""predicted_stars"": 5, ""explanation"":""Positive comments about ambiance and service, along with a recommendation.""}","{""predicted_stars"": 5, ""explanation"": ""Positive comments about ambiance and service, along with a recommendation.""}",5,True
11,Had a nice time; dessert was fantastic.,5,"{""predicted_stars"": 4, ""explanation"":""Positive experience with a fantastic dessert.""}","{""predicted_stars"": 4, ""explanation"": ""Positive experience with a fantastic dessert.""}",4,True
12,Great ambiance and prompt service. Not satisfied.,5,"{""predicted_stars"": 3, ""explanation"":""Positive ambiance and service but overall dissatisfaction.""}","{""predicted_stars"": 3, ""explanation"": ""Positive ambiance and service but overall dissatisfaction.""}",3,True
13,Terrible experience — cold food and rude staff.,1,"{""predicted_stars"": 1, ""explanation"":""Cold food and rude staff indicate a very negative experience.""}","{""predicted_stars"": 1, ""explanation"": ""Cold food and rude staff indicate a very negative experience.""}",1,True
14,Staff was friendly but the food was average. Not satisfied.,3,"{""predicted_stars"": 3, ""explanation"":""Friendly staff but average food leads to a neutral experience.""}","{""predicted_stars"": 3, ""explanation"": ""Friendly staff but average food leads to a neutral experience.""}",3,True
15,Staff was friendly but the food was average.,3,"{""predicted_stars"": 3, ""explanation"":""Friendly staff but average food leads to a neutral rating.""}","{""predicted_stars"": 3, ""explanation"": ""Friendly staff but average food leads to a neutral rating.""}",3,True
16,Not worth the price.,2,"{""predicted_stars"": 2, ""explanation"":""Negative sentiment about value for money.""}","{""predicted_stars"": 2, ""explanation"": ""Negative sentiment about value for money.""}",2,True
17,Terrible experience — cold food and rude staff.,1,"{""predicted_stars"": 1, ""explanation"":""Cold food and rude staff indicate a very negative experience.""}","{""predicted_stars"": 1, ""explanation"": ""Cold food and rude staff indicate a very negative experience.""}",1,True
18,Staff was friendly but the food was average. Could be better.,3,"{""predicted_stars"": 3, ""explanation"":""Friendly staff but average food suggests a neutral experience.""}","{""predicted_stars"": 3, ""explanation"": ""Friendly staff but average food suggests a neutral experience.""}",3,True
19,Not worth the price.,2,"{""predicted_stars"": 2, ""explanation"":""Negative sentiment about value for money.""}","{""predicted_stars"": 2, ""explanation"": ""Negative sentiment about value for money.""}",2,True
20,Perfect for a quick lunch. Will return. Could be better.,4,"{""predicted_stars"": 4, ""explanation"":""Positive overall experience with a suggestion for improvement.""}","{""predicted_stars"": 4, ""explanation"": ""Positive overall experience with a suggestion for improvement.""}",4,True
21,Great ambiance and prompt service.,5,"{""predicted_stars"": 5, ""explanation"":""Positive comments about ambiance and service.""}","{""predicted_stars"": 5, ""explanation"": ""Positive comments about ambiance and service.""}",5,True
22,Great ambiance and prompt service. Not satisfied.,5,"{""predicted_stars"": 3, ""explanation"":""Positive ambiance and service but overall dissatisfaction.""}","{""predicted_stars"": 3, ""explanation"": ""Positive ambiance and service but overall dissatisfaction.""}",3,True
23,Decent place. Portion sizes were small but taste was good.,3,"{""predicted_stars"": 3, ""explanation"":""Average experience with good taste but small portion sizes.""}","{""predicted_stars"": 3, ""explanation"": ""Average experience with good taste but small portion sizes.""}",3,True
24,Great ambiance and prompt service.,5,"{""predicted_stars"": 5, ""explanation"":""Positive comments about ambiance and service.""}","{""predicted_stars"": 5, ""explanation"": ""Positive comments about ambiance and service.""}",5,True
25,Great ambiance and prompt service.,5,"{""predicted_stars"": 5, ""explanation"":""Positive comments about ambiance and service.""}","{""predicted_stars"": 5, ""explanation"": ""Positive comments about ambiance and service.""}",5,True
26,Not worth the price. Loved it!,2,"{""predicted_stars"": 3, ""explanation"":""Mixed feelings about value despite enjoying the experience.""}","{""predicted_stars"": 3, ""explanation"": ""Mixed feelings about value despite enjoying the experience.""}",3,True
27,Terrible experience — cold food and rude staff.,1,"{""predicted_stars"": 1, ""explanation"":""Cold food and rude staff indicate a very negative experience.""}","{""predicted_stars"": 1, ""explanation"": ""Cold food and rude staff indicate a very negative experience.""}",1,True
28,The food was amazing and service was excellent.,5,"{""predicted_stars"": 5, ""explanation"":""Strong positive about food and service.""}","{""predicted_stars"": 5, ""explanation"": ""Strong positive about food and service.""}",5,True
29,Waited 45 minutes. Will not come back.,1,"{""predicted_stars"": 1, ""explanation"":""Long wait with a decision not to return indicates a very negative experience.""}","{""predicted_stars"": 1, ""explanation"": ""Long wait with a decision not to return indicates a very negative experience.""}",1,True
30,Perfect for a quick lunch. Will return. Loved it!,4,"{""predicted_stars"": 5, ""explanation"":""Positive remarks about the experience and intention to return.""}","{""predicted_stars"": 5, ""explanation"": ""Positive remarks about the experience and intention to return.""}",5,True
31,Staff was friendly but the food was average.,3,"{""predicted_stars"": 3, ""explanation"":""Friendly staff but average food leads to a neutral rating.""}","{""predicted_stars"": 3, ""explanation"": ""Friendly staff but average food leads to a neutral rating.""}",3,True
32,Great ambiance and prompt service.,5,"{""predicted_stars"": 5, ""explanation"":""Positive comments about ambiance and service.""}","{""predicted_stars"": 5, ""explanation"": ""Positive comments about ambiance and service.""}",5,True
33,Decent place. Portion sizes were small but taste was good. Could be better.,3,"{""predicted_stars"": 3, ""explanation"":""Mixed feelings with good taste but small portion sizes.""}","{""predicted_stars"": 3, ""explanation"": ""Mixed feelings with good taste but small portion sizes.""}",3,True
34,Waited 45 minutes. Will not come back.,1,"{""predicted_stars"": 1, ""explanation"":""Long wait with a decision not to return indicates strong dissatisfaction.""}","{""predicted_stars"": 1, ""explanation"": ""Long wait with a decision not to return indicates strong dissatisfaction.""}",1,True
35,Staff was friendly but the food was average.,3,"{""predicted_stars"": 3, ""explanation"":""Friendly staff but average food leads to a neutral rating.""}","{""predicted_stars"": 3, ""explanation"": ""Friendly staff but average food leads to a neutral rating.""}",3,True
36,Not worth the price.,2,"{""predicted_stars"": 2, ""explanation"":""Negative sentiment about value for money.""}","{""predicted_stars"": 2, ""explanation"": ""Negative sentiment about value for money.""}",2,True
37,Decent place. Portion sizes were small but taste was good.,3,"{""predicted_stars"": 3, ""explanation"":""Average experience with good taste but small portion sizes.""}","{""predicted_stars"": 3, ""explanation"": ""Average experience with good taste but small portion sizes.""}",3,True
38,Staff was friendly but the food was average.,3,"{""predicted_stars"": 3, ""explanation"":""Friendly staff but average food leads to a neutral rating.""}","{""predicted_stars"": 3, ""explanation"": ""Friendly staff but average food leads to a neutral rating.""}",3,True
39,Decent place. Portion sizes were small but taste was good. Not satisfied.,3,"{""predicted_stars"": 3, ""explanation"":""Mixed feelings with good taste but small portions and dissatisfaction.""}","{""predicted_stars"": 3, ""explanation"": ""Mixed feelings with good taste but small portions and dissatisfaction.""}",3,True
40,Not worth the price. Highly recommend.,2,"{""predicted_stars"": 2, ""explanation"":""The review suggests dissatisfaction with the value for money despite a recommendation.""}","{""predicted_stars"": 2, ""explanation"": ""The review suggests dissatisfaction with the value for money despite a recommendation.""}",2,True
41,Great ambiance and prompt service.,5,"{""predicted_stars"": 5, ""explanation"":""Positive comments about ambiance and service.""}","{""predicted_stars"": 5, ""explanation"": ""Positive comments about ambiance and service.""}",5,True
42,The food was amazing and service was excellent. Highly recommend.,5,"{""predicted_stars"": 5, ""explanation"":""Strong positive feedback about food and service with a recommendation.""}","{""predicted_stars"": 5, ""explanation"": ""Strong positive feedback about food and service with a recommendation.""}",5,True
43,Not worth the price. Loved it!,2,"{""predicted_stars"": 3, ""explanation"":""Mixed feelings about value despite enjoying the experience.""}","{""predicted_stars"": 3, ""explanation"": ""Mixed feelings about value despite enjoying the experience.""}",3,True
44,Great ambiance and prompt service. Loved it!,5,"{""predicted_stars"": 5, ""explanation"":""Positive comments about ambiance and service.""}","{""predicted_stars"": 5, ""explanation"": ""Positive comments about ambiance and service.""}",5,True
45,Perfect for a quick lunch. Will return. Could be better.,4,"{""predicted_stars"": 3, ""explanation"":""Positive sentiment about being suitable for lunch but suggests room for improvement.""}","{""predicted_stars"": 3, ""explanation"": ""Positive sentiment about being suitable for lunch but suggests room for improvement.""}",3,True
46,The food was amazing and service was excellent. Could be better.,5,"{""predicted_stars"": 4, ""explanation"":""Positive comments about food and service, but a hint that there is room for improvement.""}","{""predicted_stars"": 4, ""explanation"": ""Positive comments about food and service, but a hint that there is room for improvement.""}",4,True
47,Terrible experience — cold food and rude staff. Loved it!,1,"{""predicted_stars"": 1, ""explanation"":""Cold food and rude staff indicate a very negative experience.""}","{""predicted_stars"": 1, ""explanation"": ""Cold food and rude staff indicate a very negative experience.""}",1,True
48,Great ambiance and prompt service.,5,"{""predicted_stars"": 5, ""explanation"":""Positive comments about ambiance and service.""}","{""predicted_stars"": 5, ""explanation"": ""Positive comments about ambiance and service.""}",5,True
49,Waited 45 minutes. Will not come back. Loved it!,1,"{""predicted_stars"": 3, ""explanation"":""Mixed feelings with a long wait but a positive sentiment about the experience.""}","{""predicted_stars"": 3, ""explanation"": ""Mixed feelings with a long wait but a positive sentiment about the experience.""}",3,True
50,Order was wrong and they didn't fix it.,1,"{""predicted_stars"": 1, ""explanation"":""Order was incorrect and not resolved.""}","{""predicted_stars"": 1, ""explanation"": ""Order was incorrect and not resolved.""}",1,True
51,Staff was friendly but the food was average.,3,"{""predicted_stars"": 3, ""explanation"":""Friendly staff but average food leads to a neutral rating.""}","{""predicted_stars"": 3, ""explanation"": ""Friendly staff but average food leads to a neutral rating.""}",3,True
52,Decent place. Portion sizes were small but taste was good. Could be better.,3,"{""predicted_stars"": 3, ""explanation"":""Mixed feelings with good taste but small portion sizes.""}","{""predicted_stars"": 3, ""explanation"": ""Mixed feelings with good taste but small portion sizes.""}",3,True
53,Staff was friendly but the food was average. Loved it!,3,"{""predicted_stars"": 3, ""explanation"":""Friendly staff but average food leads to a neutral rating.""}","{""predicted_stars"": 3, ""explanation"": ""Friendly staff but average food leads to a neutral rating.""}",3,True
54,Decent place. Portion sizes were small but taste was good. Highly recommend.,3,"{""predicted_stars"": 4, ""explanation"":""Good taste and recommendation, but small portion sizes.""}","{""predicted_stars"": 4, ""explanation"": ""Good taste and recommendation, but small portion sizes.""}",4,True
55,Terrible experience — cold food and rude staff.,1,"{""predicted_stars"": 1, ""explanation"":""Cold food and rude staff indicate a very negative experience.""}","{""predicted_stars"": 1, ""explanation"": ""Cold food and rude staff indicate a very negative experience.""}",1,True
56,Waited 45 minutes. Will not come back.,1,"{""predicted_stars"": 1, ""explanation"":""Long wait with a decision not to return indicates strong dissatisfaction.""}","{""predicted_stars"": 1, ""explanation"": ""Long wait with a decision not to return indicates strong dissatisfaction.""}",1,True
57,Waited 45 minutes. Will not come back. Could be better.,1,"{""predicted_stars"": 2, ""explanation"":""Long wait and dissatisfaction with the experience.""}","{""predicted_stars"": 2, ""explanation"": ""Long wait and dissatisfaction with the experience.""}",2,True
58,Order was wrong and they didn't fix it. Could be better.,1,"{""predicted_stars"": 2, ""explanation"":""Order was incorrect and not resolved.""}","{""predicted_stars"": 2, ""explanation"": ""Order was incorrect and not resolved.""}",2,True
59,Waited 45 minutes. Will not come back.,1,"{""predicted_stars"": 2, ""explanation"":""Long wait and a decision not to return indicate dissatisfaction.""}","{""predicted_stars"": 2, ""explanation"": ""Long wait and a decision not to return indicate dissatisfaction.""}",2,True
60,Had a nice time; dessert was fantastic.,5,"{""predicted_stars"": 4, ""explanation"":""Positive experience with a fantastic dessert.""}","{""predicted_stars"": 4, ""explanation"": ""Positive experience with a fantastic dessert.""}",4,True
61,Great ambiance and prompt service.,5,"{""predicted_stars"": 5, ""explanation"":""Positive comments about ambiance and service.""}","{""predicted_stars"": 5, ""explanation"": ""Positive comments about ambiance and service.""}",5,True
62,Terrible experience — cold food and rude staff. Not satisfied.,1,"{""predicted_stars"": 1, ""explanation"":""Cold food and rude staff indicate a very negative experience.""}","{""predicted_stars"": 1, ""explanation"": ""Cold food and rude staff indicate a very negative experience.""}",1,True
63,Order was wrong and they didn't fix it.,1,"{""predicted_stars"": 1, ""explanation"":""Order was incorrect and not resolved.""}","{""predicted_stars"": 1, ""explanation"": ""Order was incorrect and not resolved.""}",1,True
64,Decent place. Portion sizes were small but taste was good.,3,"{""predicted_stars"": 3, ""explanation"":""Average experience with good taste but small portion sizes.""}","{""predicted_stars"": 3, ""explanation"": ""Average experience with good taste but small portion sizes.""}",3,True
65,Waited 45 minutes. Will not come back.,1,"{""predicted_stars"": 2, ""explanation"":""Long wait and a decision not to return indicate dissatisfaction.""}","{""predicted_stars"": 2, ""explanation"": ""Long wait and a decision not to return indicate dissatisfaction.""}",2,True
66,Had a nice time; dessert was fantastic.,5,"{""predicted_stars"": 4, ""explanation"":""Positive experience with a fantastic dessert.""}","{""predicted_stars"": 4, ""explanation"": ""Positive experience with a fantastic dessert.""}",4,True
67,Great ambiance and prompt service.,5,"{""predicted_stars"": 5, ""explanation"":""Positive comments about ambiance and service.""}","{""predicted_stars"": 5, ""explanation"": ""Positive comments about ambiance and service.""}",5,True
68,Great ambiance and prompt service.,5,"{""predicted_stars"": 5, ""explanation"":""Positive comments about ambiance and service.""}","{""predicted_stars"": 5, ""explanation"": ""Positive comments about ambiance and service.""}",5,True
69,Not worth the price. Could be better.,2,"{""predicted_stars"": 2, ""explanation"":""Negative sentiment about value and quality.""}","{""predicted_stars"": 2, ""explanation"": ""Negative sentiment about value and quality.""}",2,True
70,Had a nice time; dessert was fantastic. Highly recommend.,5,"{""predicted_stars"": 5, ""explanation"":""Positive experience with fantastic dessert and a recommendation.""}","{""predicted_stars"": 5, ""explanation"": ""Positive experience with fantastic dessert and a recommendation.""}",5,True
71,Decent place. Portion sizes were small but taste was good.,3,"{""predicted_stars"": 3, ""explanation"":""Average experience with good taste but small portion sizes.""}","{""predicted_stars"": 3, ""explanation"": ""Average experience with good taste but small portion sizes.""}",3,True
72,Decent place. Portion sizes were small but taste was good. Highly recommend.,3,"{""predicted_stars"": 4, ""explanation"":""Good taste and recommendation, but small portion sizes detract slightly.""}","{""predicted_stars"": 4, ""explanation"": ""Good taste and recommendation, but small portion sizes detract slightly.""}",4,True
73,Waited 45 minutes. Will not come back.,1,"{""predicted_stars"": 1, ""explanation"":""Long wait with a decision not to return indicates strong dissatisfaction.""}","{""predicted_stars"": 1, ""explanation"": ""Long wait with a decision not to return indicates strong dissatisfaction.""}",1,True
74,Waited 45 minutes. Will not come back.,1,"{""predicted_stars"": 1, ""explanation"":""Long wait with a decision not to return indicates strong dissatisfaction.""}","{""predicted_stars"": 1, ""explanation"": ""Long wait with a decision not to return indicates strong dissatisfaction.""}",1,True
75,Waited 45 minutes. Will not come back.,1,"{""predicted_stars"": 2, ""explanation"":""Long wait and a decision not to return indicate dissatisfaction.""}","{""predicted_stars"": 2, ""explanation"": ""Long wait and a decision not to return indicate dissatisfaction.""}",2,True
76,Had a nice time; dessert was fantastic.,5,"{""predicted_stars"": 4, ""explanation"":""Positive experience with a fantastic dessert.""}","{""predicted_stars"": 4, ""explanation"": ""Positive experience with a fantastic dessert.""}",4,True
77,Not worth the price.,2,"{""predicted_stars"": 2, ""explanation"":""Negative sentiment about value for money.""}","{""predicted_stars"": 2, ""explanation"": ""Negative sentiment about value for money.""}",2,True
78,Decent place. Portion sizes were small but taste was good.,3,"{""predicted_stars"": 3, ""explanation"":""Average experience with good taste but small portion sizes.""}","{""predicted_stars"": 3, ""explanation"": ""Average experience with good taste but small portion sizes.""}",3,True
79,Had a nice time; dessert was fantastic. Loved it!,5,"{""predicted_stars"": 5, ""explanation"":""Positive experience with fantastic dessert.""}","{""predicted_stars"": 5, ""explanation"": ""Positive experience with fantastic dessert.""}",5,True
80,Had a nice time; dessert was fantastic. Not satisfied.,5,"{""predicted_stars"": 3, ""explanation"":""Mixed feelings with a fantastic dessert but overall dissatisfaction.""}","{""predicted_stars"": 3, ""explanation"": ""Mixed feelings with a fantastic dessert but overall dissatisfaction.""}",3,True
81,Not worth the price.,2,"{""predicted_stars"": 2, ""explanation"":""Negative sentiment about value for money.""}","{""predicted_stars"": 2, ""explanation"": ""Negative sentiment about value for money.""}",2,True
82,Decent place. Portion sizes were small but taste was good. Loved it!,3,"{""predicted_stars"": 4, ""explanation"":""Good taste but small portion sizes.""}","{""predicted_stars"": 4, ""explanation"": ""Good taste but small portion sizes.""}",4,True
83,Not worth the price.,2,"{""predicted_stars"": 2, ""explanation"":""Negative sentiment about value for money.""}","{""predicted_stars"": 2, ""explanation"": ""Negative sentiment about value for money.""}",2,True
84,Terrible experience — cold food and rude staff. Not satisfied.,1,"{""predicted_stars"": 1, ""explanation"":""Negative comments about cold food and rude staff indicate a very poor experience.""}","{""predicted_stars"": 1, ""explanation"": ""Negative comments about cold food and rude staff indicate a very poor experience.""}",1,True
85,The food was amazing and service was excellent.,5,"{""predicted_stars"": 5, ""explanation"":""Strong positive about food and service.""}","{""predicted_stars"": 5, ""explanation"": ""Strong positive about food and service.""}",5,True
86,Great ambiance and prompt service. Highly recommend.,5,"{""predicted_stars"": 5, ""explanation"":""Positive comments about ambiance and service, along with a recommendation.""}","{""predicted_stars"": 5, ""explanation"": ""Positive comments about ambiance and service, along with a recommendation.""}",5,True
87,Staff was friendly but the food was average. Not satisfied.,3,"{""predicted_stars"": 3, ""explanation"":""Friendly staff but average food leads to a neutral experience.""}","{""predicted_stars"": 3, ""explanation"": ""Friendly staff but average food leads to a neutral experience.""}",3,True
88,Decent place. Portion sizes were small but taste was good.,3,"{""predicted_stars"": 3, ""explanation"":""Average experience with good taste but small portion sizes.""}","{""predicted_stars"": 3, ""explanation"": ""Average experience with good taste but small portion sizes.""}",3,True
89,Terrible experience — cold food and rude staff.,1,"{""predicted_stars"": 1, ""explanation"":""Cold food and rude staff indicate a very negative experience.""}","{""predicted_stars"": 1, ""explanation"": ""Cold food and rude staff indicate a very negative experience.""}",1,True
90,Not worth the price.,2,"{""predicted_stars"": 2, ""explanation"":""Negative sentiment about the value for money.""}","{""predicted_stars"": 2, ""explanation"": ""Negative sentiment about the value for money.""}",2,True
91,Order was wrong and they didn't fix it.,1,"{""predicted_stars"": 1, ""explanation"":""Order was incorrect and not resolved.""}","{""predicted_stars"": 1, ""explanation"": ""Order was incorrect and not resolved.""}",1,True
92,The food was amazing and service was excellent.,5,"{""predicted_stars"": 5, ""explanation"":""Strong positive about food and service.""}","{""predicted_stars"": 5, ""explanation"": ""Strong positive about food and service.""}",5,True
93,Not worth the price. Loved it!,2,"{""predicted_stars"": 3, ""explanation"":""Mixed feelings about value despite enjoying the experience.""}","{""predicted_stars"": 3, ""explanation"": ""Mixed feelings about value despite enjoying the experience.""}",3,True
94,Staff was friendly but the food was average.,3,"{""predicted_stars"": 3, ""explanation"":""Friendly staff but average food leads to a neutral rating.""}","{""predicted_stars"": 3, ""explanation"": ""Friendly staff but average food leads to a neutral rating.""}",3,True
95,Great ambiance and prompt service. Not satisfied.,5,"{""predicted_stars"": 3, ""explanation"":""Positive ambiance and service but overall dissatisfaction.""}","{""predicted_stars"": 3, ""explanation"": ""Positive ambiance and service but overall dissatisfaction.""}",3,True
96,Perfect for a quick lunch. Will return.,4,"{""predicted_stars"": 5, ""explanation"":""Positive sentiment about being perfect for a quick lunch and intention to return.""}","{""predicted_stars"": 5, ""explanation"": ""Positive sentiment about being perfect for a quick lunch and intention to return.""}",5,True
97,Terrible experience — cold food and rude staff. Not satisfied.,1,"{""predicted_stars"": 1, ""explanation"":""Negative comments about cold food and rude staff indicate a very poor experience.""}","{""predicted_stars"": 1, ""explanation"": ""Negative comments about cold food and rude staff indicate a very poor experience.""}",1,True
98,Not worth the price.,2,"{""predicted_stars"": 2, ""explanation"":""Negative sentiment about the value for money.""}","{""predicted_stars"": 2, ""explanation"": ""Negative sentiment about the value for money.""}",2,True
99,Waited 45 minutes. Will not come back.,1,"{""predicted_stars"": 1, ""explanation"":""Long wait and a decision not to return indicate strong dissatisfaction.""}","{""predicted_stars"": 1, ""explanation"": ""Long wait and a decision not to return indicate strong dissatisfaction.""}",1,True
100,Not worth the price. Not satisfied.,2,"{""predicted_stars"": 1, ""explanation"":""Expresses dissatisfaction and indicates poor value for money.""}","{""predicted_stars"": 1, ""explanation"": ""Expresses dissatisfaction and indicates poor value for money.""}",1,True
101,Great ambiance and prompt service.,5,"{""predicted_stars"": 5, ""explanation"":""Positive comments about ambiance and service.""}","{""predicted_stars"": 5, ""explanation"": ""Positive comments about ambiance and service.""}",5,True
102,The food was amazing and service was excellent.,5,"{""predicted_stars"": 5, ""explanation"":""Strong positive about food and service.""}","{""predicted_stars"": 5, ""explanation"": ""Strong positive about food and service.""}",5,True
103,Not worth the price.,2,"{""predicted_stars"": 2, ""explanation"":""Negative sentiment about the value for money.""}","{""predicted_stars"": 2, ""explanation"": ""Negative sentiment about the value for money.""}",2,True
104,Decent place. Portion sizes were small but taste was good.,3,"{""predicted_stars"": 3, ""explanation"":""Average experience with good taste but small portion sizes.""}","{""predicted_stars"": 3, ""explanation"": ""Average experience with good taste but small portion sizes.""}",3,True
105,Not worth the price. Not satisfied.,2,"{""predicted_stars"": 2, ""explanation"":""Expresses dissatisfaction and indicates poor value for money.""}","{""predicted_stars"": 2, ""explanation"": ""Expresses dissatisfaction and indicates poor value for money.""}",2,True
106,Decent place. Portion sizes were small but taste was good.,3,"{""predicted_stars"": 3, ""explanation"":""Average experience with good taste but small portion sizes.""}","{""predicted_stars"": 3, ""explanation"": ""Average experience with good taste but small portion sizes.""}",3,True
107,Had a nice time; dessert was fantastic.,5,"{""predicted_stars"": 4, ""explanation"":""Positive experience with a fantastic dessert.""}","{""predicted_stars"": 4, ""explanation"": ""Positive experience with a fantastic dessert.""}",4,True
108,Staff was friendly but the food was average.,3,"{""predicted_stars"": 3, ""explanation"":""Friendly staff but average food leads to a neutral rating.""}","{""predicted_stars"": 3, ""explanation"": ""Friendly staff but average food leads to a neutral rating.""}",3,True
109,Great ambiance and prompt service. Highly recommend.,5,"{""predicted_stars"": 5, ""explanation"":""Positive comments about ambiance and service, along with a recommendation.""}","{""predicted_stars"": 5, ""explanation"": ""Positive comments about ambiance and service, along with a recommendation.""}",5,True
110,Order was wrong and they didn't fix it.,1,"{""predicted_stars"": 1, ""explanation"":""Order was incorrect and not resolved.""}","{""predicted_stars"": 1, ""explanation"": ""Order was incorrect and not resolved.""}",1,True
111,Perfect for a quick lunch. Will return. Could be better.,4,"{""predicted_stars"": 3, ""explanation"":""Mixed feelings with a positive note about returning but a suggestion for improvement.""}","{""predicted_stars"": 3, ""explanation"": ""Mixed feelings with a positive note about returning but a suggestion for improvement.""}",3,True
112,Perfect for a quick lunch. Will return.,4,"{""predicted_stars"": 4, ""explanation"":""Positive sentiment about being a good option for lunch and intention to return.""}","{""predicted_stars"": 4, ""explanation"": ""Positive sentiment about being a good option for lunch and intention to return.""}",4,True
113,Waited 45 minutes. Will not come back. Not satisfied.,1,"{""predicted_stars"": 1, ""explanation"":""Long wait and clear dissatisfaction with the experience.""}","{""predicted_stars"": 1, ""explanation"": ""Long wait and clear dissatisfaction with the experience.""}",1,True
114,Perfect for a quick lunch. Will return.,4,"{""predicted_stars"": 5, ""explanation"":""Positive sentiment about being perfect for a quick lunch and intention to return.""}","{""predicted_stars"": 5, ""explanation"": ""Positive sentiment about being perfect for a quick lunch and intention to return.""}",5,True
115,Terrible experience — cold food and rude staff. Not satisfied.,1,"{""predicted_stars"": 1, ""explanation"":""Cold food and rude staff indicate a very negative experience.""}","{""predicted_stars"": 1, ""explanation"": ""Cold food and rude staff indicate a very negative experience.""}",1,True
116,Order was wrong and they didn't fix it. Loved it!,1,"{""predicted_stars"": 2, ""explanation"":""Order was wrong and not fixed, despite a positive sentiment.""}","{""predicted_stars"": 2, ""explanation"": ""Order was wrong and not fixed, despite a positive sentiment.""}",2,True
117,Decent place. Portion sizes were small but taste was good. Could be better.,3,"{""predicted_stars"": 3, ""explanation"":""Mixed feelings with good taste but small portion sizes.""}","{""predicted_stars"": 3, ""explanation"": ""Mixed feelings with good taste but small portion sizes.""}",3,True
118,Had a nice time; dessert was fantastic.,5,"{""predicted_stars"": 4, ""explanation"":""Positive experience with a fantastic dessert.""}","{""predicted_stars"": 4, ""explanation"": ""Positive experience with a fantastic dessert.""}",4,True
119,Waited 45 minutes. Will not come back. Could be better.,1,"{""predicted_stars"": 2, ""explanation"":""Long wait and dissatisfaction with the experience.""}","{""predicted_stars"": 2, ""explanation"": ""Long wait and dissatisfaction with the experience.""}",2,True
120,The food was amazing and service was excellent.,5,"{""predicted_stars"": 5, ""explanation"":""Strong positive about food and service.""}","{""predicted_stars"": 5, ""explanation"": ""Strong positive about food and service.""}",5,True
121,Decent place. Portion sizes were small but taste was good. Highly recommend.,3,"{""predicted_stars"": 4, ""explanation"":""Good taste and a recommendation, but small portion sizes detract slightly.""}","{""predicted_stars"": 4, ""explanation"": ""Good taste and a recommendation, but small portion sizes detract slightly.""}",4,True
122,Decent place. Portion sizes were small but taste was good.,3,"{""predicted_stars"": 3, ""explanation"":""Average experience with good taste but small portion sizes.""}","{""predicted_stars"": 3, ""explanation"": ""Average experience with good taste but small portion sizes.""}",3,True
123,Order was wrong and they didn't fix it. Could be better.,1,"{""predicted_stars"": 2, ""explanation"":""Order was incorrect and not resolved.""}","{""predicted_stars"": 2, ""explanation"": ""Order was incorrect and not resolved.""}",2,True
124,Waited 45 minutes. Will not come back.,1,"{""predicted_stars"": 2, ""explanation"":""Long wait and a decision not to return indicate dissatisfaction.""}","{""predicted_stars"": 2, ""explanation"": ""Long wait and a decision not to return indicate dissatisfaction.""}",2,True
125,Decent place. Portion sizes were small but taste was good. Not satisfied.,3,"{""predicted_stars"": 3, ""explanation"":""Mixed feelings with good taste but small portions and dissatisfaction.""}","{""predicted_stars"": 3, ""explanation"": ""Mixed feelings with good taste but small portions and dissatisfaction.""}",3,True
126,Had a nice time; dessert was fantastic.,5,"{""predicted_stars"": 4, ""explanation"":""Positive experience with a fantastic dessert.""}","{""predicted_stars"": 4, ""explanation"": ""Positive experience with a fantastic dessert.""}",4,True
127,The food was amazing and service was excellent.,5,"{""predicted_stars"": 5, ""explanation"":""Strong positive about food and service.""}","{""predicted_stars"": 5, ""explanation"": ""Strong positive about food and service.""}",5,True
128,Great ambiance and prompt service.,5,"{""predicted_stars"": 5, ""explanation"":""Positive comments about ambiance and service.""}","{""predicted_stars"": 5, ""explanation"": ""Positive comments about ambiance and service.""}",5,True
129,Not worth the price.,2,"{""predicted_stars"": 2, ""explanation"":""Negative sentiment about value for money.""}","{""predicted_stars"": 2, ""explanation"": ""Negative sentiment about value for money.""}",2,True
130,Perfect for a quick lunch. Will return.,4,"{""predicted_stars"": 5, ""explanation"":""Positive sentiment about being perfect for a quick lunch and intention to return.""}","{""predicted_stars"": 5, ""explanation"": ""Positive sentiment about being perfect for a quick lunch and intention to return.""}",5,True
131,The food was amazing and service was excellent. Loved it!,5,"{""predicted_stars"": 5, ""explanation"":""Strong positive feedback about both food and service.""}","{""predicted_stars"": 5, ""explanation"": ""Strong positive feedback about both food and service.""}",5,True
132,The food was amazing and service was excellent. Loved it!,5,"{""predicted_stars"": 5, ""explanation"":""Strong positive feedback about food and service.""}","{""predicted_stars"": 5, ""explanation"": ""Strong positive feedback about food and service.""}",5,True
133,Decent place. Portion sizes were small but taste was good.,3,"{""predicted_stars"": 3, ""explanation"":""Average experience with good taste but small portion sizes.""}","{""predicted_stars"": 3, ""explanation"": ""Average experience with good taste but small portion sizes.""}",3,True
134,Staff was friendly but the food was average.,3,"{""predicted_stars"": 3, ""explanation"":""Friendly staff but average food leads to a neutral rating.""}","{""predicted_stars"": 3, ""explanation"": ""Friendly staff but average food leads to a neutral rating.""}",3,True
135,Great ambiance and prompt service. Not satisfied.,5,"{""predicted_stars"": 3, ""explanation"":""Positive ambiance and service but overall dissatisfaction.""}","{""predicted_stars"": 3, ""explanation"": ""Positive ambiance and service but overall dissatisfaction.""}",3,True
136,The food was amazing and service was excellent.,5,"{""predicted_stars"": 5, ""explanation"":""Strong positive about food and service.""}","{""predicted_stars"": 5, ""explanation"": ""Strong positive about food and service.""}",5,True
137,The food was amazing and service was excellent.,5,"{""predicted_stars"": 5, ""explanation"":""Strong positive about food and service.""}","{""predicted_stars"": 5, ""explanation"": ""Strong positive about food and service.""}",5,True
138,Not worth the price. Highly recommend.,2,"{""predicted_stars"": 2, ""explanation"":""The review suggests dissatisfaction with the value for money despite a recommendation.""}","{""predicted_stars"": 2, ""explanation"": ""The review suggests dissatisfaction with the value for money despite a recommendation.""}",2,True
139,Terrible experience — cold food and rude staff. Loved it!,1,"{""predicted_stars"": 1, ""explanation"":""Cold food and rude staff indicate a very negative experience.""}","{""predicted_stars"": 1, ""explanation"": ""Cold food and rude staff indicate a very negative experience.""}",1,True
140,Perfect for a quick lunch. Will return. Loved it!,4,"{""predicted_stars"": 5, ""explanation"":""Positive remarks about the experience and intention to return.""}","{""predicted_stars"": 5, ""explanation"": ""Positive remarks about the experience and intention to return.""}",5,True
141,Waited 45 minutes. Will not come back. Not satisfied.,1,"{""predicted_stars"": 1, ""explanation"":""Long wait and clear dissatisfaction with the experience.""}","{""predicted_stars"": 1, ""explanation"": ""Long wait and clear dissatisfaction with the experience.""}",1,True
142,Order was wrong and they didn't fix it. Not satisfied.,1,"{""predicted_stars"": 1, ""explanation"":""Order was incorrect and not resolved, leading to dissatisfaction.""}","{""predicted_stars"": 1, ""explanation"": ""Order was incorrect and not resolved, leading to dissatisfaction.""}",1,True
143,Terrible experience — cold food and rude staff.,1,"{""predicted_stars"": 1, ""explanation"":""Cold food and rude staff indicate a very negative experience.""}","{""predicted_stars"": 1, ""explanation"": ""Cold food and rude staff indicate a very negative experience.""}",1,True
144,Great ambiance and prompt service. Highly recommend.,5,"{""predicted_stars"": 5, ""explanation"":""Positive comments about ambiance and service, along with a recommendation.""}","{""predicted_stars"": 5, ""explanation"": ""Positive comments about ambiance and service, along with a recommendation.""}",5,True
145,Decent place. Portion sizes were small but taste was good.,3,"{""predicted_stars"": 3, ""explanation"":""Average experience with good taste but small portion sizes.""}","{""predicted_stars"": 3, ""explanation"": ""Average experience with good taste but small portion sizes.""}",3,True
146,Terrible experience — cold food and rude staff.,1,"{""predicted_stars"": 1, ""explanation"":""Cold food and rude staff indicate a very negative experience.""}","{""predicted_stars"": 1, ""explanation"": ""Cold food and rude staff indicate a very negative experience.""}",1,True
147,Great ambiance and prompt service. Loved it!,5,"{""predicted_stars"": 5, ""explanation"":""Positive comments about ambiance and service.""}","{""predicted_stars"": 5, ""explanation"": ""Positive comments about ambiance and service.""}",5,True
148,Perfect for a quick lunch. Will return. Could be better.,4,"{""predicted_stars"": 4, ""explanation"":""Positive overall experience with a suggestion for improvement.""}","{""predicted_stars"": 4, ""explanation"": ""Positive overall experience with a suggestion for improvement.""}",4,True
149,Decent place. Portion sizes were small but taste was good. Highly recommend.,3,"{""predicted_stars"": 4, ""explanation"":""Good taste and recommendation, but small portion sizes.""}","{""predicted_stars"": 4, ""explanation"": ""Good taste and recommendation, but small portion sizes.""}",4,True
150,Great ambiance and prompt service.,5,"{""predicted_stars"": 5, ""explanation"":""Positive comments about ambiance and service.""}","{""predicted_stars"": 5, ""explanation"": ""Positive comments about ambiance and service.""}",5,True
151,Great ambiance and prompt service.,5,"{""predicted_stars"": 5, ""explanation"":""Positive comments about ambiance and service.""}","{""predicted_stars"": 5, ""explanation"": ""Positive comments about ambiance and service.""}",5,True
152,Perfect for a quick lunch. Will return. Loved it!,4,"{""predicted_stars"": 5, ""explanation"":""Positive remarks about the experience and intention to return.""}","{""predicted_stars"": 5, ""explanation"": ""Positive remarks about the experience and intention to return.""}",5,True
153,Decent place. Portion sizes were small but taste was good. Not satisfied.,3,"{""predicted_stars"": 3, ""explanation"":""Mixed feelings with good taste but small portions and dissatisfaction.""}","{""predicted_stars"": 3, ""explanation"": ""Mixed feelings with good taste but small portions and dissatisfaction.""}",3,True
154,The food was amazing and service was excellent.,5,"{""predicted_stars"": 5, ""explanation"":""Strong positive about food and service.""}","{""predicted_stars"": 5, ""explanation"": ""Strong positive about food and service.""}",5,True
155,Great ambiance and prompt service. Highly recommend.,5,"{""predicted_stars"": 5, ""explanation"":""Positive comments about ambiance and service, along with a recommendation.""}","{""predicted_stars"": 5, ""explanation"": ""Positive comments about ambiance and service, along with a recommendation.""}",5,True
156,Perfect for a quick lunch. Will return. Not satisfied.,4,"{""predicted_stars"": 2, ""explanation"":""Indicates a quick lunch but ends with dissatisfaction.""}","{""predicted_stars"": 2, ""explanation"": ""Indicates a quick lunch but ends with dissatisfaction.""}",2,True
157,Not worth the price.,2,"{""predicted_stars"": 2, ""explanation"":""Negative sentiment about value for money.""}","{""predicted_stars"": 2, ""explanation"": ""Negative sentiment about value for money.""}",2,True
158,Order was wrong and they didn't fix it. Loved it!,1,"{""predicted_stars"": 2, ""explanation"":""Order was wrong and not fixed, despite a positive sentiment.""}","{""predicted_stars"": 2, ""explanation"": ""Order was wrong and not fixed, despite a positive sentiment.""}",2,True
159,Not worth the price.,2,"{""predicted_stars"": 2, ""explanation"":""Negative sentiment about value for money.""}","{""predicted_stars"": 2, ""explanation"": ""Negative sentiment about value for money.""}",2,True
160,Not worth the price.,2,"{""predicted_stars"": 2, ""explanation"":""Negative sentiment about value for money.""}","{""predicted_stars"": 2, ""explanation"": ""Negative sentiment about value for money.""}",2,True
161,The food was amazing and service was excellent. Could be better.,5,"{""predicted_stars"": 4, ""explanation"":""Positive feedback on food and service, but suggests room for improvement.""}","{""predicted_stars"": 4, ""explanation"": ""Positive feedback on food and service, but suggests room for improvement.""}",4,True
162,Order was wrong and they didn't fix it. Loved it!,1,"{""predicted_stars"": 2, ""explanation"":""Order was wrong and not fixed, despite a positive sentiment.""}","{""predicted_stars"": 2, ""explanation"": ""Order was wrong and not fixed, despite a positive sentiment.""}",2,True
163,Great ambiance and prompt service.,5,"{""predicted_stars"": 5, ""explanation"":""Positive comments about ambiance and service.""}","{""predicted_stars"": 5, ""explanation"": ""Positive comments about ambiance and service.""}",5,True
164,Terrible experience — cold food and rude staff. Not satisfied.,1,"{""predicted_stars"": 1, ""explanation"":""Cold food and rude staff indicate a very negative experience.""}","{""predicted_stars"": 1, ""explanation"": ""Cold food and rude staff indicate a very negative experience.""}",1,True
165,Terrible experience — cold food and rude staff. Not satisfied.,1,"{""predicted_stars"": 1, ""explanation"":""Negative comments about cold food and rude staff indicate a very poor experience.""}","{""predicted_stars"": 1, ""explanation"": ""Negative comments about cold food and rude staff indicate a very poor experience.""}",1,True
166,Decent place. Portion sizes were small but taste was good.,3,"{""predicted_stars"": 3, ""explanation"":""Average experience with good taste but small portion sizes.""}","{""predicted_stars"": 3, ""explanation"": ""Average experience with good taste but small portion sizes.""}",3,True
167,Great ambiance and prompt service.,5,"{""predicted_stars"": 5, ""explanation"":""Positive comments about ambiance and service.""}","{""predicted_stars"": 5, ""explanation"": ""Positive comments about ambiance and service.""}",5,True
168,The food was amazing and service was excellent. Highly recommend.,5,"{""predicted_stars"": 5, ""explanation"":""Strong positive feedback about food and service with a recommendation.""}","{""predicted_stars"": 5, ""explanation"": ""Strong positive feedback about food and service with a recommendation.""}",5,True
169,Terrible experience — cold food and rude staff.,1,"{""predicted_stars"": 1, ""explanation"":""Cold food and rude staff indicate a very negative experience.""}","{""predicted_stars"": 1, ""explanation"": ""Cold food and rude staff indicate a very negative experience.""}",1,True
170,Staff was friendly but the food was average.,3,"{""predicted_stars"": 3, ""explanation"":""Friendly staff but average food leads to a neutral rating.""}","{""predicted_stars"": 3, ""explanation"": ""Friendly staff but average food leads to a neutral rating.""}",3,True
171,Terrible experience — cold food and rude staff.,1,"{""predicted_stars"": 1, ""explanation"":""Cold food and rude staff indicate a very negative experience.""}","{""predicted_stars"": 1, ""explanation"": ""Cold food and rude staff indicate a very negative experience.""}",1,True
172,Decent place. Portion sizes were small but taste was good.,3,"{""predicted_stars"": 3, ""explanation"":""Average experience with good taste but small portion sizes.""}","{""predicted_stars"": 3, ""explanation"": ""Average experience with good taste but small portion sizes.""}",3,True
173,Order was wrong and they didn't fix it.,1,"{""predicted_stars"": 1, ""explanation"":""Order was incorrect and not resolved.""}","{""predicted_stars"": 1, ""explanation"": ""Order was incorrect and not resolved.""}",1,True
174,Had a nice time; dessert was fantastic.,5,"{""predicted_stars"": 4, ""explanation"":""Positive experience with a fantastic dessert.""}","{""predicted_stars"": 4, ""explanation"": ""Positive experience with a fantastic dessert.""}",4,True
175,Terrible experience — cold food and rude staff.,1,"{""predicted_stars"": 1, ""explanation"":""Cold food and rude staff indicate a very negative experience.""}","{""predicted_stars"": 1, ""explanation"": ""Cold food and rude staff indicate a very negative experience.""}",1,True
176,Terrible experience — cold food and rude staff.,1,"{""predicted_stars"": 1, ""explanation"":""Cold food and rude staff indicate a very negative experience.""}","{""predicted_stars"": 1, ""explanation"": ""Cold food and rude staff indicate a very negative experience.""}",1,True
177,Order was wrong and they didn't fix it. Highly recommend.,1,"{""predicted_stars"": 2, ""explanation"":""Order was wrong and not fixed, indicating a negative experience despite the recommendation.""}","{""predicted_stars"": 2, ""explanation"": ""Order was wrong and not fixed, indicating a negative experience despite the recommendation.""}",2,True
178,Terrible experience — cold food and rude staff.,1,"{""predicted_stars"": 1, ""explanation"":""Cold food and rude staff indicate a very negative experience.""}","{""predicted_stars"": 1, ""explanation"": ""Cold food and rude staff indicate a very negative experience.""}",1,True
179,Not worth the price. Highly recommend.,2,"{""predicted_stars"": 2, ""explanation"":""The review suggests dissatisfaction with the value for money despite a recommendation.""}","{""predicted_stars"": 2, ""explanation"": ""The review suggests dissatisfaction with the value for money despite a recommendation.""}",2,True
180,Great ambiance and prompt service.,5,"{""predicted_stars"": 5, ""explanation"":""Positive comments about ambiance and service.""}","{""predicted_stars"": 5, ""explanation"": ""Positive comments about ambiance and service.""}",5,True
181,Decent place. Portion sizes were small but taste was good. Highly recommend.,3,"{""predicted_stars"": 4, ""explanation"":""Good taste and recommendation, but small portion sizes detract slightly.""}","{""predicted_stars"": 4, ""explanation"": ""Good taste and recommendation, but small portion sizes detract slightly.""}",4,True
182,Great ambiance and prompt service. Highly recommend.,5,"{""predicted_stars"": 5, ""explanation"":""Positive comments about ambiance and service, along with a recommendation.""}","{""predicted_stars"": 5, ""explanation"": ""Positive comments about ambiance and service, along with a recommendation.""}",5,True
183,The food was amazing and service was excellent. Not satisfied.,5,"{""predicted_stars"": 2, ""explanation"":""Positive comments about food and service are overshadowed by the overall dissatisfaction.""}","{""predicted_stars"": 2, ""explanation"": ""Positive comments about food and service are overshadowed by the overall dissatisfaction.""}",2,True
184,Great ambiance and prompt service. Loved it!,5,"{""predicted_stars"": 5, ""explanation"":""Positive comments about ambiance and service.""}","{""predicted_stars"": 5, ""explanation"": ""Positive comments about ambiance and service.""}",5,True
185,Not worth the price. Not satisfied.,2,"{""predicted_stars"": 2, ""explanation"":""Expresses dissatisfaction and indicates poor value for the price.""}","{""predicted_stars"": 2, ""explanation"": ""Expresses dissatisfaction and indicates poor value for the price.""}",2,True
186,Perfect for a quick lunch. Will return. Could be better.,4,"{""predicted_stars"": 3, ""explanation"":""Positive for a quick lunch but suggests room for improvement.""}","{""predicted_stars"": 3, ""explanation"": ""Positive for a quick lunch but suggests room for improvement.""}",3,True
187,Great ambiance and prompt service.,5,"{""predicted_stars"": 5, ""explanation"":""Positive comments about ambiance and service.""}","{""predicted_stars"": 5, ""explanation"": ""Positive comments about ambiance and service.""}",5,True
188,Waited 45 minutes. Will not come back. Not satisfied.,1,"{""predicted_stars"": 1, ""explanation"":""Long wait and clear dissatisfaction with the experience.""}","{""predicted_stars"": 1, ""explanation"": ""Long wait and clear dissatisfaction with the experience.""}",1,True
189,Waited 45 minutes. Will not come back.,1,"{""predicted_stars"": 2, ""explanation"":""Long wait and a decision not to return indicate dissatisfaction.""}","{""predicted_stars"": 2, ""explanation"": ""Long wait and a decision not to return indicate dissatisfaction.""}",2,True
190,Had a nice time; dessert was fantastic.,5,"{""predicted_stars"": 4, ""explanation"":""Positive experience with a fantastic dessert.""}","{""predicted_stars"": 4, ""explanation"": ""Positive experience with a fantastic dessert.""}",4,True
191,Staff was friendly but the food was average.,3,"{""predicted_stars"": 3, ""explanation"":""Friendly staff but average food leads to a neutral rating.""}","{""predicted_stars"": 3, ""explanation"": ""Friendly staff but average food leads to a neutral rating.""}",3,True
192,Great ambiance and prompt service. Not satisfied.,5,"{""predicted_stars"": 3, ""explanation"":""Positive ambiance and service but overall dissatisfaction.""}","{""predicted_stars"": 3, ""explanation"": ""Positive ambiance and service but overall dissatisfaction.""}",3,True
193,Decent place. Portion sizes were small but taste was good.,3,"{""predicted_stars"": 3, ""explanation"":""Average experience with good taste but small portion sizes.""}","{""predicted_stars"": 3, ""explanation"": ""Average experience with good taste but small portion sizes.""}",3,True
194,The food was amazing and service was excellent. Not satisfied.,5,"{""predicted_stars"": 2, ""explanation"":""Positive comments about food and service are overshadowed by the dissatisfaction expressed.""}","{""predicted_stars"": 2, ""explanation"": ""Positive comments about food and service are overshadowed by the dissatisfaction expressed.""}",2,True
195,Had a nice time; dessert was fantastic.,5,"{""predicted_stars"": 4, ""explanation"":""Positive experience with a fantastic dessert.""}","{""predicted_stars"": 4, ""explanation"": ""Positive experience with a fantastic dessert.""}",4,True
196,Terrible experience — cold food and rude staff.,1,"{""predicted_stars"": 1, ""explanation"":""Cold food and rude staff indicate a very negative experience.""}","{""predicted_stars"": 1, ""explanation"": ""Cold food and rude staff indicate a very negative experience.""}",1,True
197,Decent place. Portion sizes were small but taste was good.,3,"{""predicted_stars"": 3, ""explanation"":""Average experience with good taste but small portion sizes.""}","{""predicted_stars"": 3, ""explanation"": ""Average experience with good taste but small portion sizes.""}",3,True
198,Great ambiance and prompt service.,5,"{""predicted_stars"": 5, ""explanation"":""Positive comments about ambiance and service.""}","{""predicted_stars"": 5, ""explanation"": ""Positive comments about ambiance and service.""}",5,True
199,Not worth the price.,2,"{""predicted_stars"": 2, ""explanation"":""Negative sentiment about the value for money.""}","{""predicted_stars"": 2, ""explanation"": ""Negative sentiment about the value for money.""}",2,True
